U.S. Energy Information Administration,,,,,,,,,,,,,
August 2021 Monthly Energy Review,,,,,,,,,,,,,
,,,,,,,,,,,,,
Note: Information about data precision.,,,,,,,,,,,,,
,,,,,,,,,,,,,
"Release Date: August 26, 2021",,,,,,,,,,,,,
"Next Update: September 27, 2021",,,,,,,,,,,,,
,,,,,,,,,,,,,
Table 1.2 Primary Energy Production by Source,,,,,,,,,,,,,
,,,,,,,,,,,,,
Month,Coal Production,Natural Gas (Dry) Production,Crude Oil Production,Natural Gas Plant Liquids Production,Total Fossil Fuels Production,Nuclear Electric Power Production,Hydroelectric Power Production,Geothermal Energy Production,Solar Energy Production,Wind Energy Production,Biomass Energy Production,Total Renewable Energy Production,Total Primary Energy Production
,(Quadrillion Btu),(Quadrillion Btu),(Quadrillion Btu),(Quadrillion Btu),(Quadrillion Btu),(Quadrillion Btu),(Quadrillion Btu),(Quadrillion Btu),(Quadrillion Btu),(Quadrillion Btu),(Quadrillion Btu),(Quadrillion Btu),(Quadrillion Btu)
1973 January,1.166486,1.908249,1.649833,0.208064,4.932632,0.068103,0.272703,0.001491,Not Available,Not Available,0.129787,0.403981,5.404715
1973 February,1.086072,1.922543,1.525783,0.195184,4.729582,0.064634,0.242199,0.001363,Not Available,Not Available,0.117338,0.3609,5.155115
1973 March,1.196571,1.86843,1.667094,0.214807,4.946902,0.072494,0.26881,0.001412,Not Available,Not Available,0.129938,0.400161,5.419556
1973 April,1.11223,1.777561,1.616791,0.20969,4.716271,0.06407,0.253185,0.001649,Not Available,Not Available,0.125636,0.38047,5.160812
1973 May,1.216978,1.859241,1.665377,0.215398,4.956995,0.062111,0.26077,0.001537,Not Available,Not Available,0.129834,0.392141,5.411246
1973 June,1.103861,1.802065,1.603224,0.206945,4.716096,0.073968,0.249859,0.001763,Not Available,Not Available,0.125611,0.377232,5.167296
1973 July,1.034037,1.841884,1.65724,0.215115,4.748276,0.07589,0.23567,0.001869,Not Available,Not Available,0.129787,0.367325,5.191492
1973 August,1.319832,1.857199,1.648505,0.216461,5.041997,0.084883,0.222077,0.001762,Not Available,Not Available,0.129918,0.353757,5.480638
1973 September,1.142385,1.803086,1.577362,0.208671,4.731504,0.085724,0.179733,0.001492,Not Available,Not Available,0.125782,0.307006,5.124234
1973 October,1.285586,1.836779,1.658452,0.217504,4.998321,0.081971,0.191723,0.00176,Not Available,Not Available,0.12997,0.323453,5.403745
1973 November,1.178337,1.825548,1.594008,0.21261,4.810504,0.088773,0.210285,0.001889,Not Available,Not Available,0.125643,0.337817,5.237093
1973 December,1.149749,1.886808,1.629568,0.214072,4.880197,0.087557,0.274435,0.002435,Not Available,Not Available,0.129824,0.406694,5.374447
1974 January,1.251148,1.895424,1.60631,0.20816,4.961042,0.084855,0.304506,0.002154,Not Available,Not Available,0.130807,0.437467,5.483364
1974 February,1.16539,1.728512,1.484696,0.191245,4.569843,0.090577,0.27995,0.001901,Not Available,Not Available,0.118091,0.399942,5.060362
1974 March,1.195337,1.860608,1.611977,0.213341,4.881263,0.097966,0.290582,0.002165,Not Available,Not Available,0.130727,0.423474,5.402702
1974 April,1.268152,1.747968,1.55799,0.201046,4.775157,0.079566,0.293702,0.002039,Not Available,Not Available,0.126583,0.422323,5.277046
1974 May,1.343967,1.813504,1.602122,0.207002,4.966595,0.073242,0.294828,0.00204,Not Available,Not Available,0.130789,0.427657,5.467495
1974 June,1.120607,1.709056,1.527761,0.199631,4.557055,0.079015,0.280695,0.001975,Not Available,Not Available,0.126611,0.409281,5.045352
1974 July,1.149793,1.784832,1.578667,0.202951,4.716243,0.113953,0.276772,0.002191,Not Available,Not Available,0.130756,0.409719,5.239915
1974 August,1.209619,1.757184,1.564057,0.205275,4.736135,0.137654,0.253175,0.002163,Not Available,Not Available,0.130763,0.386101,5.259889
1974 September,1.227477,1.723392,1.46907,0.194217,4.614156,0.12288,0.225274,0.001999,Not Available,Not Available,0.126637,0.35391,5.090946
1974 October,1.41053,1.734656,1.548304,0.206563,4.900053,0.121248,0.210955,0.00203,Not Available,Not Available,0.130718,0.343703,5.365003
1974 November,0.791646,1.697792,1.490971,0.200829,4.181238,0.122819,0.222713,0.002414,Not Available,Not Available,0.126506,0.351633,4.65569
1974 December,0.940784,1.757184,1.533068,0.204559,4.435595,0.148309,0.243428,0.00254,Not Available,Not Available,0.130674,0.376642,4.960546
1975 January,1.275523,1.737742,1.520203,0.19817,4.731639,0.153503,0.263371,0.002117,Not Available,Not Available,0.127269,0.392756,5.277898
1975 February,1.198498,1.607054,1.395202,0.180795,4.381549,0.140232,0.251317,0.002019,Not Available,Not Available,0.114942,0.368278,4.890059
1975 March,1.216907,1.697923,1.527123,0.201627,4.643579,0.163893,0.293961,0.002277,Not Available,Not Available,0.127251,0.42349,5.230962
1975 April,1.237491,1.632579,1.471448,0.192447,4.533965,0.146773,0.279947,0.002281,Not Available,Not Available,0.123139,0.405368,5.086106
1975 May,1.292673,1.649936,1.506504,0.195436,4.644549,0.15158,0.291504,0.002475,Not Available,Not Available,0.127303,0.421283,5.217412
1975 June,1.298947,1.595823,1.465219,0.193757,4.553746,0.140348,0.28531,0.00307,Not Available,Not Available,0.123241,0.411622,5.105715
1975 July,1.062764,1.637684,1.498766,0.19717,4.396385,0.169294,0.268081,0.003091,Not Available,Not Available,0.127288,0.398459,4.964138
1975 August,1.197399,1.637684,1.48313,0.200634,4.518846,0.174883,0.237557,0.003351,Not Available,Not Available,0.127321,0.36823,5.061959
1975 September,1.295192,1.565193,1.440656,0.185566,4.486607,0.158543,0.215793,0.002954,Not Available,Not Available,0.12321,0.341957,4.987107
1975 October,1.39571,1.608075,1.496731,0.199767,4.700282,0.161078,0.238068,0.003406,Not Available,Not Available,0.127312,0.368786,5.230146
1975 November,1.248596,1.580508,1.440349,0.192415,4.461868,0.155988,0.256706,0.00331,Not Available,Not Available,0.12318,0.383196,5.001053
1975 December,1.269616,1.689755,1.483988,0.200159,4.643518,0.183682,0.27299,0.003429,Not Available,Not Available,0.127277,0.403696,5.230896
1976 January,1.213441,1.70952,1.480073,0.191487,4.59452,0.177844,0.273323,0.003403,Not Available,Not Available,0.145049,0.421775,5.19414
1976 February,1.239038,1.60752,1.384489,0.185392,4.416439,0.158824,0.257277,0.0032,Not Available,Not Available,0.135695,0.396173,4.971436
1976 March,1.40428,1.67382,1.480148,0.195131,4.753379,0.15458,0.278567,0.003426,Not Available,Not Available,0.145051,0.427044,5.335003
1976 April,1.363644,1.58508,1.405398,0.18893,4.543052,0.121316,0.253482,0.003086,Not Available,Not Available,0.140363,0.396931,5.061299
1976 May,1.336766,1.63302,1.460788,0.191803,4.622377,0.131784,0.267732,0.002949,Not Available,Not Available,0.145047,0.415728,5.169888
1976 June,1.377928,1.6014,1.408431,0.187703,4.575462,0.174072,0.268088,0.003063,Not Available,Not Available,0.140405,0.411555,5.16109
1976 July,1.024087,1.63608,1.461264,0.192278,4.313708,0.195628,0.273026,0.003311,Not Available,Not Available,0.145088,0.421425,4.930762
1976 August,1.239015,1.59732,1.458288,0.192831,4.487455,0.202851,0.249759,0.00326,Not Available,Not Available,0.14511,0.398129,5.088436
1976 September,1.39756,1.52796,1.418036,0.187333,4.530889,0.191006,0.213376,0.003173,Not Available,Not Available,0.140436,0.356984,5.07888
1976 October,1.357336,1.60038,1.44978,0.193373,4.600868,0.191723,0.22099,0.003082,Not Available,Not Available,0.145114,0.369186,5.161777
1976 November,1.354684,1.59732,1.40585,0.189464,4.547319,0.178235,0.208138,0.002597,Not Available,Not Available,0.140651,0.351386,5.07694
1976 December,1.345908,1.71156,1.449298,0.19199,4.698756,0.233256,0.212507,0.002963,Not Available,Not Available,0.145364,0.360834,5.292846
1977 January,1.018424,1.699965,1.412172,0.185924,4.316486,0.238556,0.219069,0.003232,Not Available,Not Available,0.15622,0.378521,4.933563
1977 February,1.122619,1.635642,1.321762,0.172248,4.252271,0.211078,0.160329,0.002823,Not Available,Not Available,0.141176,0.304328,4.767677
1977 March,1.519874,1.711196,1.454512,0.202492,4.888075,0.222619,0.209549,0.0032,Not Available,Not Available,0.156217,0.368966,5.479659
1977 April,1.380722,1.606033,1.417213,0.193225,4.597192,0.213943,0.197287,0.002854,Not Available,Not Available,0.151161,0.351301,5.162437
1977 May,1.423046,1.652999,1.451839,0.194436,4.72232,0.221834,0.197656,0.003081,Not Available,Not Available,0.156186,0.356923,5.301077
1977 June,1.436582,1.611138,1.409736,0.187709,4.645165,0.23172,0.182303,0.003029,Not Available,Not Available,0.151153,0.336485,5.213369
1977 July,1.131161,1.635642,1.457215,0.193105,4.417123,0.235032,0.177779,0.003204,Not Available,Not Available,0.15592,0.336903,4.989057
1977 August,1.315823,1.607054,1.493558,0.191119,4.607554,0.244991,0.176863,0.002937,Not Available,Not Available,0.156081,0.335881,5.188426
1977 September,1.581361,1.56213,1.475474,0.18412,4.803085,0.211395,0.173821,0.003144,Not Available,Not Available,0.15111,0.328075,5.342555
1977 October,1.542177,1.590718,1.541501,0.195904,4.8703,0.205053,0.181908,0.003288,Not Available,Not Available,0.156172,0.341368,5.416721
1977 November,1.570311,1.569277,1.492792,0.188986,4.821366,0.209548,0.215864,0.003303,Not Available,Not Available,0.151,0.370168,5.401081
1977 December,0.712642,1.686692,1.525963,0.196384,4.12168,0.255994,0.240826,0.003288,Not Available,Not Available,0.155935,0.400048,4.777722
1978 January,0.526477,1.700711,1.50307,0.185722,3.91598,0.282638,0.262529,0.003326,Not Available,Not Available,0.173128,0.438983,4.637601
1978 February,0.538357,1.609001,1.360355,0.168351,3.676065,0.238869,0.232625,0.002854,Not Available,Not Available,0.156387,0.391866,4.3068
1978 March,0.889942,1.704787,1.567879,0.189763,4.352372,0.245611,0.257965,0.002359,Not Available,Not Available,0.173136,0.433459,5.031442
1978 April,1.357373,1.627343,1.534251,0.186888,4.705855,0.192342,0.265041,0.001989,Not Available,Not Available,0.167349,0.434379,5.332575
1978 May,1.566637,1.623267,1.586781,0.182581,4.959267,0.223373,0.301188,0.001772,Not Available,Not Available,0.172923,0.475883,5.658523
1978 June,1.493086,1.583526,1.536849,0.182839,4.7963,0.242728,0.263109,0.002179,Not Available,Not Available,0.16734,0.432628,5.471656
1978 July,1.220436,1.651799,1.574364,0.185918,4.632517,0.273603,0.256107,0.002441,Not Available,Not Available,0.172912,0.431461,5.337581
1978 August,1.464208,1.617153,1.574712,0.185707,4.841779,0.280082,0.232357,0.002871,Not Available,Not Available,0.173189,0.408417,5.530277
1978 September,1.316859,1.537671,1.531258,0.178528,4.564316,0.242769,0.221801,0.003031,Not Available,Not Available,0.167455,0.392287,5.199372
1978 October,1.594759,1.594735,1.585836,0.183782,4.959112,0.251605,0.204012,0.002254,Not Available,Not Available,0.173169,0.379436,5.590153
1978 November,1.583079,1.567222,1.520951,0.184968,4.85622,0.272438,0.208974,0.002547,Not Available,Not Available,0.167557,0.379078,5.507736
1978 December,1.358596,1.668103,1.557346,0.186911,4.770957,0.278067,0.231275,0.003228,Not Available,Not Available,0.17306,0.407564,5.456588
1979 January,1.297706,1.737742,1.523753,0.183225,4.742426,0.302351,0.262096,0.003099,Not Available,Not Available,0.1826,0.447796,5.492573
1979 February,1.230704,1.624411,1.384518,0.168812,4.408445,0.281883,0.222855,0.002535,Not Available,Not Available,0.165096,0.390487,5.080815
1979 March,1.499366,1.721406,1.546483,0.185291,4.952546,0.264739,0.271516,0.003402,Not Available,Not Available,0.182881,0.457799,5.675084
1979 April,1.435641,1.660146,1.488239,0.186635,4.770662,0.200369,0.265941,0.003146,Not Available,Not Available,0.176844,0.445932,5.416962
1979 May,1.560284,1.682608,1.54646,0.187917,4.977269,0.163455,0.303134,0.003164,Not Available,Not Available,0.182782,0.48908,5.629804
1979 June,1.587453,1.611138,1.467104,0.182066,4.847761,0.174776,0.261646,0.003204,Not Available,Not Available,0.176833,0.441683,5.464221
1979 July,1.203422,1.629516,1.503812,0.187295,4.524046,0.226552,0.238414,0.003398,Not Available,Not Available,0.1827,0.424513,5.175111
1979 August,1.608066,1.656062,1.53689,0.188612,4.98963,0.263316,0.222695,0.003707,Not Available,Not Available,0.182808,0.40921,5.662156
1979 September,1.450304,1.60297,1.483019,0.181278,4.717572,0.237204,0.198794,0.003217,Not Available,Not Available,0.176891,0.378903,5.333679
1979 October,1.764054,1.672398,1.550085,0.192397,5.178934,0.227745,0.211243,0.003607,Not Available,Not Available,0.182752,0.397602,5.804281
1979 November,1.538234,1.690776,1.524344,0.194166,4.94752,0.209477,0.234286,0.003505,Not Available,Not Available,0.176949,0.41474,5.571737
1979 December,1.36435,1.787771,1.54889,0.194629,4.89564,0.223959,0.238063,0.004275,Not Available,Not Available,0.18277,0.425109,5.544708
1980 January,1.55995,1.796526,1.559852,0.197443,5.11377,0.215389,0.265618,0.003495,Not Available,Not Available,0.209829,0.478943,5.808102
1980 February,1.469214,1.685718,1.4641,0.185557,4.804588,0.210277,0.224631,0.003357,Not Available,Not Available,0.19631,0.424298,5.439163
1980 March,1.590411,1.80576,1.56397,0.187798,5.14794,0.218584,0.255676,0.003731,Not Available,Not Available,0.209727,0.469134,5.835658
1980 April,1.561384,1.647756,1.511138,0.188965,4.909243,0.205,0.270552,0.003909,Not Available,Not Available,0.202894,0.477356,5.591598
1980 May,1.592429,1.67238,1.552567,0.193486,5.010862,0.200541,0.303305,0.004603,Not Available,Not Available,0.209548,0.517456,5.728859
1980 June,1.599041,1.56465,1.48839,0.180994,4.833075,0.199859,0.290604,0.004441,Not Available,Not Available,0.202723,0.497768,5.530702
1980 July,1.373703,1.594404,1.536791,0.182493,4.687391,0.229329,0.257106,0.00467,Not Available,Not Available,0.209554,0.471331,5.388052
1980 August,1.533164,1.55439,1.512878,0.182002,4.782434,0.265424,0.214693,0.004991,Not Available,Not Available,0.209675,0.429358,5.477215
1980 September,1.542645,1.557468,1.499747,0.175673,4.775533,0.257127,0.194301,0.004506,Not Available,Not Available,0.202905,0.401712,5.434372
1980 October,1.62038,1.62621,1.534036,0.181558,4.962184,0.267351,0.18773,0.005117,Not Available,Not Available,0.209717,0.402564,5.632099
1980 November,1.538902,1.629288,1.478142,0.182052,4.828384,0.228892,0.201929,0.005002,Not Available,Not Available,0.202945,0.409876,5.467152
1980 December,1.616503,1.773954,1.547307,0.186821,5.124584,0.241396,0.233998,0.004877,Not Available,Not Available,0.209671,0.448546,5.814526
1981 January,1.4707,1.729468,1.535469,0.19765,4.933286,0.26228,0.236553,0.005284,Not Available,Not Available,0.220544,0.462381,5.657948
1981 February,1.582039,1.552824,1.397301,0.178708,4.710872,0.238196,0.223123,0.004671,Not Available,Not Available,0.199248,0.427043,5.37611
1981 March,1.745958,1.713036,1.548617,0.194292,5.201903,0.242709,0.217976,0.005237,Not Available,Not Available,0.220595,0.443808,5.88842
1981 April,0.808732,1.652443,1.488906,0.185118,4.135199,0.227726,0.219717,0.004836,Not Available,Not Available,0.213467,0.43802,4.800945
1981 May,0.849935,1.676064,1.528538,0.190675,4.245212,0.217546,0.2552,0.004791,Not Available,Not Available,0.220433,0.480423,4.943181
1981 June,1.373169,1.613417,1.501382,0.184547,4.672515,0.233457,0.278976,0.004782,Not Available,Not Available,0.213237,0.496995,5.402967
1981 July,1.652487,1.641146,1.528288,0.185179,5.007101,0.254569,0.265656,0.005256,Not Available,Not Available,0.220392,0.491304,5.752973
1981 August,1.757469,1.683253,1.5432,0.193186,5.177108,0.297219,0.228409,0.005191,Not Available,Not Available,0.220428,0.454028,5.928355
1981 September,1.82301,1.556932,1.497096,0.186682,5.06372,0.269115,0.188516,0.005224,Not Available,Not Available,0.21348,0.40722,5.740055
1981 October,1.901556,1.621633,1.53961,0.191268,5.254067,0.226731,0.191231,0.005153,Not Available,Not Available,0.220581,0.416966,5.897764
1981 November,1.70828,1.563094,1.493958,0.188733,4.954065,0.251301,0.200541,0.004498,Not Available,Not Available,0.213437,0.418476,5.623842
1981 December,1.703439,1.695577,1.543653,0.190247,5.132915,0.286743,0.252071,0.004513,Not Available,Not Available,0.22044,0.477024,5.896682
1982 January,1.493082,1.709564,1.529999,0.185748,4.918393,0.284331,0.284215,0.003975,Not Available,Not Available,0.226251,0.51444,5.717164
1982 February,1.582727,1.566672,1.413234,0.166183,4.728817,0.223538,0.281593,0.003656,Not Available,Not Available,0.204375,0.489624,5.441978
1982 March,1.866808,1.657136,1.558385,0.185034,5.267363,0.251971,0.315347,0.00322,Not Available,Not Available,0.226157,0.544724,6.064058
1982 April,1.636501,1.563588,1.49488,0.17564,4.87061,0.241222,0.295061,0.003247,Not Available,Not Available,0.218821,0.517128,5.62896
1982 May,1.581793,1.534804,1.561279,0.178741,4.856617,0.239606,0.295887,0.003773,Not Available,Not Available,0.226135,0.525795,5.622018
1982 June,1.594981,1.488544,1.504421,0.172109,4.760056,0.26604,0.295552,0.004556,Not Available,Not Available,0.218866,0.518974,5.54507
1982 July,1.346238,1.509104,1.556708,0.178096,4.590146,0.281997,0.288273,0.004792,Not Available,Not Available,0.226202,0.519267,5.39141
1982 August,1.621179,1.476208,1.552329,0.179484,4.8292,0.276671,0.252259,0.004776,Not Available,Not Available,0.226168,0.483203,5.589074
1982 September,1.511162,1.415556,1.513962,0.172986,4.613666,0.281149,0.210219,0.004581,Not Available,Not Available,0.218947,0.433748,5.328563
1982 October,1.575678,1.44434,1.564521,0.180165,4.764703,0.257422,0.208623,0.004877,Not Available,Not Available,0.226373,0.439874,5.461999
1982 November,1.424519,1.45976,1.513324,0.183281,4.580885,0.257281,0.245861,0.005122,Not Available,Not Available,0.218948,0.46993,5.308096
1982 December,1.404082,1.493684,1.545903,0.191735,4.635404,0.269921,0.292668,0.004053,Not Available,Not Available,0.22621,0.52293,5.428255
1983 January,1.383344,1.571403,1.563703,0.183864,4.702314,0.273422,0.310615,0.005087,Not Available,0.000002,0.246575,0.562279,5.538015
1983 February,1.337542,1.363498,1.422375,0.165633,4.289048,0.242067,0.296625,0.003913,Not Available,0,0.222738,0.523276,5.05439
1983 March,1.519295,1.402675,1.564295,0.179324,4.665589,0.260523,0.32173,0.00451,Not Available,0.000003,0.24661,0.572853,5.498964
1983 April,1.36363,1.374733,1.52696,0.169598,4.434922,0.243561,0.318603,0.004227,Not Available,0.000002,0.238625,0.561458,5.23994
1983 May,1.393885,1.371321,1.551935,0.173808,4.490949,0.240465,0.331656,0.003434,Not Available,0.000003,0.246647,0.581741,5.313155
1983 June,1.362747,1.328297,1.508081,0.171513,4.370639,0.263376,0.326237,0.004518,Not Available,0.000002,0.238736,0.569493,5.203508
1983 July,1.217557,1.376296,1.552759,0.179113,4.325726,0.279191,0.298715,0.005627,Not Available,0.000001,0.246651,0.550993,5.155909
1983 August,1.616213,1.352142,1.560507,0.18178,4.710642,0.285725,0.274189,0.007404,Not Available,0,0.246695,0.528288,5.524655
1983 September,1.55052,1.287393,1.528474,0.180458,4.546845,0.272705,0.23065,0.006764,Not Available,0.000004,0.238755,0.476173,5.295724
1983 October,1.582319,1.353075,1.576962,0.186665,4.699021,0.281314,0.220423,0.007091,Not Available,0.000005,0.246732,0.474251,5.454585
1983 November,1.51462,1.349385,1.526044,0.184802,4.57485,0.272735,0.26194,0.006311,Not Available,0.000004,0.23878,0.507035,5.354621
1983 December,1.404999,1.46317,1.509699,0.179759,4.557628,0.287465,0.335876,0.005025,Not Available,0.000001,0.246871,0.587773,5.432865
1984 January,1.494935,1.70249,1.594432,0.182445,4.974302,0.317844,0.313504,0.005094,-0.000001,0,0.251483,0.570081,5.862227
1984 February,1.621477,1.478481,1.492671,0.177603,4.770232,0.308326,0.293845,0.006222,0.000001,0.000002,0.235169,0.535239,5.613797
1984 March,1.794345,1.521124,1.559208,0.185688,5.060365,0.296499,0.32067,0.006838,0.000002,0.000002,0.251529,0.57904,5.935904
1984 April,1.601246,1.488426,1.542058,0.181947,4.813677,0.262738,0.315985,0.006748,0.000003,0.000006,0.243277,0.566019,5.642434
1984 May,1.784422,1.484727,1.610173,0.187404,5.066725,0.280471,0.335607,0.006473,0.000007,0.000008,0.251408,0.593504,5.940699
1984 June,1.681606,1.437914,1.540306,0.181217,4.841043,0.274321,0.303719,0.006283,0.00001,0.000006,0.243303,0.553321,5.668685
1984 July,1.646026,1.491238,1.597506,0.189647,4.924416,0.306687,0.289982,0.005997,0.000003,0.000005,0.251632,0.547618,5.778721
1984 August,1.999007,1.469435,1.583928,0.190003,5.242373,0.319793,0.264894,0.007509,0.000009,0.000003,0.251638,0.524053,6.086219
1984 September,1.738428,1.400102,1.564828,0.186475,4.889833,0.316027,0.220536,0.006763,0.00001,0.000005,0.243596,0.47091,5.67677
1984 October,1.535976,1.47165,1.601235,0.191426,4.800286,0.268621,0.220205,0.007424,0.000007,0.000009,0.251974,0.47962,5.548527
1984 November,1.417188,1.46868,1.562271,0.188486,4.636625,0.266462,0.234699,0.007331,0.000004,0.000009,0.244068,0.48611,5.389197
1984 December,1.40456,1.593666,1.599623,0.191467,4.789315,0.334742,0.272166,0.008127,0,0.000013,0.252042,0.532347,5.656405
1985 January,1.492863,1.615285,1.571371,0.189303,4.868823,0.384371,0.290793,0.008086,0.000005,0.000007,0.256315,0.555205,5.808399
1985 February,1.47039,1.467027,1.465631,0.170513,4.573561,0.32729,0.273175,0.007141,-0.000001,0.000011,0.231512,0.511838,5.412689
1985 March,1.700255,1.464106,1.635269,0.186107,4.985737,0.32972,0.260344,0.008314,0.000001,0.000007,0.256336,0.525002,5.840459
1985 April,1.673948,1.379719,1.573534,0.178059,4.80526,0.28104,0.258039,0.007281,0.000013,0.000006,0.247599,0.512937,5.599237
1985 May,1.714221,1.365195,1.641939,0.185379,4.906735,0.304823,0.279498,0.007571,0.000015,0.000004,0.255881,0.542968,5.754526
1985 June,1.601684,1.318821,1.569787,0.179755,4.670048,0.32755,0.252373,0.007294,0.000016,0.000004,0.247643,0.50733,5.504928
1985 July,1.514022,1.350741,1.608978,0.18237,4.656111,0.373727,0.225387,0.008019,0.000011,0.000001,0.256159,0.489577,5.519414
1985 August,1.741329,1.347676,1.58271,0.185435,4.85715,0.369775,0.211206,0.008381,0.000021,0.000004,0.256301,0.475912,5.702836
1985 September,1.617873,1.320837,1.557938,0.17729,4.673938,0.366541,0.198288,0.007966,0.000014,0.000009,0.247997,0.454274,5.494752
1985 October,1.753049,1.376261,1.612794,0.187277,4.929382,0.331461,0.211589,0.007626,0.00001,0.000005,0.256175,0.475406,5.736249
1985 November,1.514883,1.380646,1.548942,0.18688,4.63135,0.320428,0.242115,0.009416,0.000003,0.000002,0.24807,0.499606,5.451384
1985 December,1.530649,1.594066,1.623513,0.1954,4.943628,0.358837,0.267386,0.010325,0.000002,0.000001,0.256246,0.53396,5.836425
1986 January,1.711531,1.590844,1.642838,0.197965,5.143178,0.383159,0.226352,0.010526,0.000007,0.000002,0.249178,0.486064,6.012402
1986 February,1.588455,1.379224,1.489759,0.177299,4.634737,0.346156,0.245152,0.00904,0.000006,0.000002,0.224922,0.479122,5.460015
1986 March,1.695601,1.464062,1.620595,0.185657,4.965916,0.325549,0.30028,0.009403,0.000011,0.000007,0.248837,0.558538,5.850002
1986 April,1.636466,1.315141,1.542319,0.170546,4.664471,0.322413,0.290609,0.008479,0.000014,0.000006,0.240788,0.539897,5.526781
1986 May,1.597618,1.340462,1.588991,0.178538,4.70561,0.337725,0.287656,0.008568,0.000019,0.000008,0.248822,0.545072,5.588407
1986 June,1.586797,1.282181,1.50046,0.168414,4.537852,0.331481,0.27726,0.009295,0.000015,0.000005,0.240837,0.527412,5.396746
1986 July,1.48125,1.323357,1.556998,0.174436,4.536041,0.379718,0.254396,0.009862,0.000017,0.000005,0.249011,0.513292,5.429051
1986 August,1.671805,1.32336,1.505564,0.167179,4.667907,0.396534,0.22381,0.009839,0.000017,0.000005,0.249176,0.482847,5.547289
1986 September,1.638899,1.258956,1.449089,0.164439,4.511383,0.387113,0.222779,0.008245,0.000015,0.000001,0.241074,0.472114,5.37061
1986 October,1.750646,1.333276,1.513707,0.170889,4.768518,0.383103,0.225018,0.008105,0.000013,0.000002,0.248974,0.482113,5.633734
1986 November,1.538049,1.414165,1.463769,0.175761,4.591745,0.369674,0.244175,0.007015,0.000009,0,0.241122,0.492321,5.45374
1986 December,1.612349,1.515772,1.501771,0.181756,4.811648,0.417484,0.273692,0.009299,0.000003,0,0.249352,0.532346,5.761479
1987 January,1.637161,1.586308,1.52475,0.183564,4.931783,0.417417,0.267809,0.009317,0.000001,0.000001,0.244137,0.521265,5.870465
1987 February,1.570964,1.425523,1.362304,0.169535,4.528326,0.382159,0.223722,0.00864,0.000006,0,0.220511,0.452878,5.363363
1987 March,1.66293,1.505676,1.521908,0.185338,4.875851,0.389382,0.245143,0.009473,0.000009,0,0.244157,0.498782,5.764016
1987 April,1.557431,1.403143,1.478681,0.178448,4.617703,0.349992,0.232573,0.008929,0.000013,0.000002,0.236139,0.477656,5.445351
1987 May,1.550039,1.387096,1.498871,0.183919,4.619925,0.358374,0.255627,0.009382,0.000013,0.000003,0.244007,0.509032,5.487331
1987 June,1.689563,1.328514,1.440465,0.177191,4.635733,0.38176,0.220689,0.009635,0.000017,0.00001,0.236522,0.466873,5.484367
1987 July,1.529582,1.347142,1.483536,0.183496,4.543756,0.41826,0.21334,0.009961,0.000019,0.000013,0.244359,0.467691,5.429708
1987 August,1.769251,1.371097,1.476146,0.182239,4.798734,0.431801,0.194652,0.009923,0.000012,0.000002,0.244396,0.448986,5.679521
1987 September,1.808062,1.307841,1.427745,0.177558,4.721206,0.414191,0.191635,0.009257,0.000008,0.000002,0.236298,0.437201,5.572598
1987 October,1.885113,1.422251,1.503778,0.185865,4.997007,0.381045,0.189215,0.009375,0.000006,0.000001,0.244059,0.442655,5.820707
1987 November,1.73714,1.464474,1.461107,0.183743,4.846465,0.390924,0.177943,0.009064,0.000003,0.000001,0.236197,0.423208,5.660598
1987 December,1.743868,1.586754,1.495495,0.188036,5.014152,0.438627,0.222161,0.009312,0.000002,0.000002,0.244104,0.47558,5.92836
1988 January,1.649486,1.633857,1.483309,0.18357,4.950223,0.473469,0.230477,0.009312,0.000005,0.000007,0.255331,0.495132,5.918824
1988 February,1.681541,1.487722,1.408518,0.174598,4.752379,0.447892,0.199789,0.008013,0.000008,0,0.238853,0.446663,5.646934
1988 March,1.838611,1.551993,1.505605,0.190269,5.086477,0.465555,0.204359,0.009341,0.000013,0,0.255385,0.469098,6.021131
1988 April,1.650325,1.42074,1.442048,0.182032,4.695146,0.424786,0.200293,0.008454,0.000005,0,0.247241,0.455993,5.575924
1988 May,1.621095,1.454528,1.479516,0.189208,4.744347,0.430975,0.222701,0.00831,0.000013,0,0.255188,0.486212,5.661535
1988 June,1.674653,1.382694,1.421592,0.181837,4.660775,0.467326,0.197723,0.008815,0.000014,0,0.24734,0.453891,5.581993
1988 July,1.515623,1.40097,1.445528,0.188135,4.550257,0.528281,0.17742,0.009589,0.000012,0,0.255582,0.442602,5.52114
1988 August,1.932989,1.420649,1.452662,0.18791,4.994209,0.519872,0.172238,0.009149,0.000012,0,0.255815,0.437214,5.951295
1988 September,1.824305,1.340479,1.373713,0.182411,4.720908,0.49056,0.170174,0.008772,0.00001,0,0.247357,0.426312,5.63778
1988 October,1.772923,1.456516,1.442483,0.193161,4.865084,0.451551,0.158144,0.008939,0.000001,0,0.255517,0.422602,5.739237
1988 November,1.817499,1.483904,1.39606,0.187524,4.884987,0.419662,0.192932,0.008874,0.000001,0,0.247096,0.448903,5.753552
1988 December,1.758589,1.564545,1.427896,0.190033,4.941064,0.467038,0.208016,0.00877,0.000001,0.000001,0.255345,0.472132,5.880234
1989 January,1.793202,1.584724,1.427124,0.194211,4.999261,0.490288,0.22404,0.014134,0.002882,0.001521,0.266572,0.509147,5.998695
1989 February,1.64259,1.464457,1.264843,0.169361,4.541252,0.409824,0.19931,0.012761,0.003105,0.002331,0.243927,0.461435,5.41251
1989 March,1.947441,1.552134,1.361967,0.192536,5.054078,0.419471,0.242358,0.015001,0.004371,0.002671,0.268315,0.532715,6.006265
1989 April,1.686912,1.4781,1.35225,0.189032,4.706294,0.354476,0.257728,0.013095,0.004845,0.002484,0.251946,0.530097,5.590867
1989 May,1.802733,1.497715,1.405355,0.189024,4.894828,0.405739,0.30024,0.013857,0.005239,0.002131,0.241235,0.562701,5.863268
1989 June,1.716177,1.436696,1.32664,0.170159,4.649672,0.454815,0.277046,0.013664,0.005348,0.001631,0.248447,0.546136,5.650624
1989 July,1.45087,1.464506,1.338444,0.179867,4.433687,0.553819,0.242678,0.013872,0.005748,0.001482,0.261318,0.525098,5.512604
1989 August,1.989536,1.454001,1.356494,0.175448,4.975478,0.581511,0.216086,0.013414,0.005595,0.001075,0.276985,0.513154,6.070144
1989 September,1.853718,1.383898,1.31333,0.167159,4.718105,0.474507,0.202515,0.01252,0.005181,0.002923,0.264811,0.487949,5.680562
1989 October,1.957229,1.451818,1.34001,0.172451,4.921508,0.460972,0.214892,0.013157,0.004717,0.001832,0.276462,0.51106,5.893539
1989 November,1.89987,1.512263,1.311278,0.167442,4.890853,0.459296,0.226777,0.012562,0.003885,0.001281,0.276819,0.521324,5.871474
1989 December,1.619899,1.566964,1.319148,0.156677,4.662688,0.537442,0.233595,0.013504,0.003551,0.000671,0.28252,0.533841,5.733971
1990 January,1.978864,1.664082,1.356802,0.179531,5.179279,0.583273,0.253277,0.015036,0.003133,0.003134,0.236692,0.511272,6.273823
1990 February,1.792179,1.48246,1.217552,0.165224,4.657415,0.528705,0.262555,0.013739,0.003396,0.002405,0.226266,0.508361,5.69448
1990 March,2.001389,1.572566,1.336515,0.177821,5.088291,0.487694,0.301333,0.015116,0.004686,0.002551,0.244248,0.567935,6.143919
1990 April,1.817216,1.490787,1.288848,0.168272,4.765123,0.407576,0.276175,0.01208,0.005161,0.004373,0.23264,0.53043,5.70313
1990 May,1.890398,1.507534,1.317636,0.175021,4.890589,0.454445,0.291917,0.01414,0.005865,0.003644,0.210108,0.525673,5.870708
1990 June,1.848615,1.465937,1.236416,0.164379,4.715347,0.490288,0.300121,0.014647,0.005823,0.004227,0.178544,0.503363,5.708998
1990 July,1.744221,1.490656,1.289753,0.172909,4.697539,0.567668,0.257581,0.014779,0.006183,0.001239,0.219713,0.499495,5.764703
1990 August,2.007104,1.49638,1.310137,0.183451,4.997071,0.590033,0.230354,0.014592,0.006147,0.000729,0.245632,0.497455,6.084559
1990 September,1.816545,1.433396,1.256945,0.180038,4.686923,0.513067,0.187254,0.013746,0.005469,0.000947,0.239932,0.447349,5.64734
1990 October,2.041296,1.558757,1.356032,0.194255,5.150339,0.459207,0.203213,0.014398,0.005038,0.002114,0.235437,0.460199,6.069745
1990 November,1.895815,1.555941,1.285266,0.190564,4.927586,0.476554,0.219084,0.013805,0.004015,0.002405,0.220256,0.459565,5.863705
1990 December,1.653907,1.60766,1.319286,0.186833,4.767685,0.545839,0.263525,0.014668,0.003851,0.001239,0.245644,0.528927,5.842451
1991 January,1.874105,1.65825,1.348488,0.190905,5.071747,0.570005,0.280572,0.015446,0.00328,0.000648,0.269531,0.569477,6.211229
1991 February,1.803532,1.459117,1.240248,0.177508,4.680405,0.501792,0.240524,0.013497,0.003535,0.003026,0.204535,0.465116,5.647313
1991 March,1.855883,1.580541,1.356772,0.195172,4.988368,0.514987,0.282566,0.015382,0.004626,0.002161,0.214374,0.519109,6.022463
1991 April,1.7296,1.506171,1.306483,0.186761,4.729014,0.43646,0.281008,0.013871,0.005096,0.002485,0.190452,0.492912,5.658386
1991 May,1.741999,1.49687,1.332085,0.192064,4.763018,0.490175,0.309826,0.014196,0.006206,0.003782,0.206579,0.540589,5.793782
1991 June,1.677008,1.426773,1.273737,0.182591,4.560109,0.568322,0.280947,0.015048,0.006301,0.001621,0.209721,0.513638,5.642069
1991 July,1.741691,1.440952,1.320983,0.188017,4.691643,0.636742,0.26605,0.01507,0.006739,0.001621,0.210055,0.499535,5.827919
1991 August,1.940527,1.446753,1.315446,0.188623,4.89135,0.613027,0.237525,0.014928,0.006565,0.002377,0.250834,0.512229,6.016606
1991 September,1.780638,1.439983,1.281968,0.182089,4.684678,0.543843,0.201861,0.01403,0.005935,0.002161,0.267735,0.491722,5.720243
1991 October,1.972528,1.554498,1.337233,0.195467,5.059727,0.49959,0.193296,0.014793,0.005208,0.00443,0.249408,0.467135,6.026452
1991 November,1.78559,1.573539,1.275033,0.190445,4.824607,0.485359,0.20213,0.015411,0.00423,0.00443,0.241541,0.467743,5.777708
1991 December,1.733324,1.64529,1.312351,0.19552,4.886484,0.561832,0.239639,0.015954,0.003902,0.002053,0.267033,0.528581,5.976897
1992 January,1.912575,1.633184,1.323432,0.195688,5.064879,0.605734,0.23595,0.015635,0.003273,0.001551,0.279197,0.535605,6.206218
1992 February,1.785995,1.44034,1.242762,0.183865,4.652962,0.552907,0.196021,0.013827,0.003545,0.005333,0.230468,0.449194,5.655063
1992 March,1.867112,1.519445,1.321231,0.196324,4.904112,0.479942,0.23766,0.015679,0.004873,0.003393,0.221177,0.482783,5.866837
1992 April,1.792628,1.490789,1.268896,0.189878,4.74219,0.442584,0.212719,0.014254,0.005512,0.003297,0.210172,0.445954,5.630728
1992 May,1.745108,1.529131,1.288914,0.196432,4.759585,0.477764,0.242426,0.015069,0.006236,0.00097,0.190537,0.455238,5.692587
1992 June,1.740723,1.487723,1.247112,0.190854,4.666411,0.535959,0.244966,0.014876,0.006278,0.000776,0.230985,0.497881,5.700251
1992 July,1.759429,1.535564,1.282172,0.19503,4.772195,0.586886,0.214207,0.015109,0.006735,0.000776,0.25015,0.486977,5.846058
1992 August,1.838808,1.49489,1.244538,0.189814,4.768049,0.614183,0.198457,0.015214,0.006653,0.001454,0.269662,0.49144,5.873673
1992 September,1.819368,1.48053,1.223241,0.186202,4.709341,0.533178,0.1833,0.01418,0.005975,0.003297,0.251511,0.458262,5.700781
1992 October,1.87785,1.578641,1.28121,0.199599,4.937301,0.510817,0.18027,0.014943,0.0054,0.002521,0.269545,0.472679,5.920797
1992 November,1.747036,1.558985,1.222198,0.196739,4.724958,0.531147,0.212065,0.014869,0.004404,0.002909,0.264383,0.498631,5.754736
1992 December,1.807501,1.625878,1.277158,0.20216,4.912697,0.608106,0.259394,0.015043,0.003996,0.003587,0.263891,0.545912,6.066715
1993 January,1.74178,1.613188,1.251589,0.201122,4.807679,0.620536,0.268521,0.015945,0.00337,0.00255,0.274257,0.564643,5.992858
1993 February,1.654312,1.449784,1.127477,0.185805,4.417378,0.539056,0.216725,0.015426,0.003712,0.00051,0.240964,0.477337,5.433771
1993 March,1.838782,1.592044,1.253948,0.207659,4.892433,0.489546,0.253399,0.016137,0.005218,0.005356,0.263204,0.543313,5.925292
1993 April,1.699961,1.509959,1.197348,0.201922,4.609189,0.453758,0.274886,0.01599,0.005916,0.003826,0.226859,0.527476,5.590424
1993 May,1.585486,1.535118,1.231076,0.200562,4.552242,0.529053,0.316469,0.01437,0.006426,0.003826,0.196012,0.537102,5.618398
1993 June,1.741009,1.483411,1.182282,0.196457,4.60316,0.552722,0.287581,0.014436,0.006333,0.000893,0.197445,0.506688,5.66257
1993 July,1.524709,1.515159,1.202568,0.201593,4.444029,0.593499,0.254885,0.01578,0.006909,0.001403,0.212707,0.491684,5.529212
1993 August,1.641951,1.533519,1.215054,0.202273,4.592797,0.590418,0.216292,0.016007,0.006904,0.000765,0.262322,0.50229,5.685505
1993 September,1.721717,1.503423,1.167812,0.194104,4.587056,0.525081,0.188068,0.015439,0.006238,0.001403,0.250551,0.4617,5.573837
1993 October,1.746732,1.586558,1.229617,0.204745,4.767653,0.466738,0.18759,0.015349,0.005504,0.002933,0.257383,0.46876,5.703151
1993 November,1.714418,1.591221,1.202624,0.187067,4.69533,0.492243,0.195571,0.015174,0.004504,0.004718,0.262183,0.482149,5.669723
1993 December,1.724796,1.670654,1.232993,0.182881,4.811324,0.557848,0.231625,0.015621,0.004156,0.002805,0.264559,0.518766,5.887938
1994 January,1.653429,1.659758,1.225657,0.186695,4.725538,0.594162,0.220026,0.015695,0.003626,0,0.306708,0.546055,5.865755
1994 February,1.759371,1.48728,1.099501,0.170481,4.516633,0.520733,0.21085,0.014267,0.003849,0.001036,0.244594,0.474597,5.511963
1994 March,2.069239,1.665073,1.212863,0.192734,5.139909,0.511829,0.243412,0.014471,0.005508,0.005639,0.261461,0.530492,6.18223
1994 April,1.887272,1.58242,1.150506,0.18775,4.807947,0.451444,0.254767,0.01476,0.006003,0.004258,0.236035,0.515824,5.775215
1994 May,1.771421,1.637923,1.202537,0.197688,4.809569,0.507184,0.26713,0.014543,0.006596,0.003798,0.20248,0.494547,5.8113
1994 June,1.86076,1.562982,1.150243,0.193789,4.767774,0.540902,0.258029,0.013144,0.006718,0.003798,0.215744,0.497431,5.806107
1994 July,1.67204,1.619291,1.168858,0.202546,4.662735,0.61795,0.241004,0.013897,0.006988,0.001956,0.274451,0.538297,5.818981
1994 August,2.026723,1.626278,1.176639,0.20343,5.033069,0.628207,0.209396,0.015199,0.00678,0.001381,0.251577,0.484333,6.145609
1994 September,1.906248,1.54397,1.149932,0.20038,4.800529,0.581426,0.171008,0.014102,0.006325,0.003222,0.238967,0.433624,5.81558
1994 October,1.837246,1.603714,1.197106,0.20205,4.840115,0.529943,0.180671,0.014475,0.005873,0.003683,0.271599,0.476301,5.846359
1994 November,1.862961,1.64877,1.15333,0.202993,4.868054,0.577783,0.197506,0.014295,0.004631,0.005064,0.261436,0.482931,5.928768
1994 December,1.895373,1.710555,1.215393,0.20885,5.030171,0.632314,0.229658,0.014616,0.004229,0.001726,0.262482,0.512711,6.175197
1995 January,1.90566,1.640179,1.201456,0.206535,4.95383,0.665531,0.256445,0.013067,0.003473,0.000059,0.243462,0.516505,6.135866
1995 February,1.809241,1.462862,1.103419,0.185852,4.561374,0.544873,0.258244,0.009702,0.003778,0.000241,0.206657,0.478622,5.58487
1995 March,2.005865,1.623599,1.186754,0.205264,5.021481,0.545102,0.294609,0.01067,0.00526,0.000047,0.23982,0.550407,6.11699
1995 April,1.727368,1.569275,1.149047,0.200622,4.646312,0.518215,0.253408,0.009352,0.006125,0.000071,0.267571,0.536526,5.701053
1995 May,1.796349,1.612832,1.191951,0.206915,4.808047,0.571444,0.286483,0.008606,0.006879,0.004214,0.227439,0.533621,5.913112
1995 June,1.817216,1.55248,1.144681,0.194546,4.708923,0.592394,0.311683,0.009317,0.007073,0.00514,0.226934,0.560146,5.861463
1995 July,1.717688,1.603819,1.159489,0.202374,4.68337,0.651824,0.283275,0.010066,0.007293,0.006392,0.294251,0.601277,5.936472
1995 August,1.901985,1.592803,1.159108,0.199903,4.853799,0.64787,0.251378,0.016447,0.007201,0.005628,0.301628,0.582282,6.083951
1995 September,1.90734,1.546477,1.116407,0.196488,4.766712,0.585133,0.20652,0.01183,0.006445,0.005907,0.268791,0.499493,5.851339
1995 October,1.939535,1.575236,1.154518,0.203053,4.872342,0.570461,0.238738,0.019182,0.005754,0.002646,0.292175,0.558496,6.0013
1995 November,1.858777,1.620953,1.145844,0.200924,4.826497,0.553807,0.263386,0.017276,0.004675,0.001291,0.267659,0.554287,5.934592
1995 December,1.742527,1.681731,1.174082,0.19537,4.79371,0.628781,0.301139,0.016542,0.004276,0.000994,0.262694,0.585644,6.008135
1996 January,1.796439,1.630168,1.167854,0.196955,4.791416,0.661075,0.317658,0.0113,0.003588,0.001523,0.272584,0.606652,6.059143
1996 February,1.810845,1.540477,1.106217,0.18044,4.63798,0.587409,0.328772,0.011418,0.00392,0.001156,0.226038,0.571304,5.796692
1996 March,1.95751,1.631448,1.181548,0.20826,4.978767,0.582642,0.350334,0.010872,0.005741,0.001939,0.259039,0.627925,6.189334
1996 April,1.907983,1.607943,1.12124,0.20492,4.842086,0.528566,0.329254,0.012137,0.006421,0.002527,0.205729,0.556068,5.92672
1996 May,1.917099,1.636984,1.149605,0.207361,4.911048,0.584355,0.343915,0.008603,0.007126,0.00405,0.231211,0.594906,6.090308
1996 June,1.815968,1.593012,1.123728,0.203591,4.736299,0.603899,0.330103,0.012207,0.007241,0.003885,0.254182,0.607617,5.947815
1996 July,1.912976,1.631138,1.139531,0.209997,4.893643,0.640194,0.29856,0.017,0.007346,0.005533,0.281656,0.610096,6.143932
1996 August,2.037281,1.636065,1.143541,0.213285,5.030173,0.645688,0.271592,0.017542,0.006871,0.004291,0.294581,0.594878,6.270738
1996 September,1.880233,1.579477,1.127843,0.207935,4.795487,0.573389,0.228911,0.015298,0.00607,0.003634,0.259345,0.513259,5.882135
1996 October,2.029051,1.617934,1.165261,0.219514,5.03176,0.531582,0.233632,0.016305,0.00573,0.002616,0.310461,0.568744,6.132085
1996 November,1.861906,1.601151,1.126755,0.212711,4.802522,0.54754,0.243572,0.016486,0.004666,0.001021,0.295562,0.561307,5.91137
1996 December,1.862858,1.638471,1.169773,0.215374,4.886476,0.600336,0.313353,0.014191,0.004412,0.001265,0.264912,0.598134,6.084945
1997 January,1.98574,1.666424,1.151101,0.203666,5.006932,0.618248,0.336616,0.012781,0.00353,0.00123,0.275641,0.629798,6.254978
1997 February,1.890863,1.509851,1.057921,0.192723,4.651357,0.531601,0.321859,0.009767,0.004025,0.001112,0.226521,0.563285,5.746243
1997 March,1.98411,1.676394,1.160078,0.214322,5.034904,0.529045,0.357387,0.013424,0.005524,0.001517,0.251136,0.628987,6.192937
1997 April,1.890446,1.597772,1.120785,0.201731,4.810734,0.471001,0.327586,0.014657,0.006215,0.003309,0.25201,0.603776,5.885511
1997 May,2.025991,1.658807,1.164072,0.208185,5.057055,0.493552,0.34912,0.014331,0.006702,0.003579,0.268515,0.642247,6.192853
1997 June,1.859166,1.571051,1.120859,0.201982,4.753058,0.546683,0.351899,0.011918,0.007016,0.005281,0.23169,0.607803,5.907543
1997 July,1.908692,1.632027,1.152409,0.208067,4.901194,0.601853,0.323304,0.015455,0.007267,0.005203,0.259985,0.611214,6.114261
1997 August,1.920083,1.62893,1.14126,0.209228,4.899501,0.641012,0.274788,0.015283,0.007074,0.005416,0.264422,0.566984,6.107497
1997 September,1.982762,1.591515,1.128533,0.203998,4.906809,0.551839,0.23897,0.014604,0.006236,0.002657,0.250744,0.513212,5.97186
1997 October,2.031691,1.644993,1.162794,0.207164,5.046643,0.493021,0.252613,0.014497,0.005702,0.002804,0.305656,0.581272,6.120936
1997 November,1.791105,1.593447,1.123915,0.191104,4.699572,0.537176,0.242156,0.014404,0.004572,0.000742,0.264591,0.526466,5.763214
1997 December,2.038965,1.622639,1.174293,0.202627,5.038524,0.581961,0.26416,0.015576,0.004302,0.00073,0.256998,0.541767,6.162252
1998 January,2.109645,1.710311,1.175987,0.206727,5.202669,0.607312,0.29386,0.015811,0.003466,0.000177,0.278211,0.591525,6.401506
1998 February,1.875506,1.522354,1.051663,0.192118,4.64164,0.535028,0.30587,0.012721,0.003709,0.000083,0.212209,0.534593,5.711261
1998 March,2.069152,1.699438,1.152106,0.212239,5.132935,0.563483,0.323122,0.015674,0.005523,0.000063,0.240963,0.585345,6.281763
1998 April,1.980508,1.641044,1.127999,0.207156,4.956706,0.498354,0.291715,0.010788,0.006093,0.000876,0.240612,0.550085,6.005145
1998 May,1.952215,1.701704,1.141174,0.210141,5.005234,0.540248,0.338499,0.009908,0.006486,0.001461,0.250239,0.606593,6.152075
1998 June,1.989483,1.631191,1.090504,0.193736,4.904914,0.584683,0.329782,0.011755,0.006838,0.004027,0.186089,0.538492,6.028089
1998 July,1.958933,1.661339,1.11375,0.181641,4.915663,0.645187,0.292237,0.014565,0.007289,0.005582,0.246326,0.565999,6.126849
1998 August,1.972738,1.672894,1.115235,0.197164,4.958031,0.633331,0.256055,0.015558,0.007139,0.004299,0.254237,0.537288,6.12865
1998 September,2.062224,1.518664,1.007323,0.190186,4.778397,0.600147,0.212368,0.015259,0.006362,0.004852,0.24827,0.487111,5.865654
1998 October,2.090703,1.638715,1.104433,0.199716,5.033568,0.602492,0.192567,0.016743,0.005699,0.003047,0.267922,0.485978,6.122037
1998 November,1.945846,1.587717,1.068348,0.195911,4.797821,0.601894,0.20415,0.015035,0.004567,0.001847,0.230488,0.456086,5.855801
1998 December,2.038246,1.627924,1.086612,0.185561,4.938343,0.655652,0.256829,0.014633,0.004278,0.004539,0.273362,0.55364,6.147635
1999 January,1.937848,1.66922,1.072211,0.188062,4.867341,0.686455,0.301877,0.015171,0.003383,0.003446,0.27226,0.596138,6.149934
1999 February,1.959623,1.504679,0.9688,0.176663,4.609765,0.600763,0.293419,0.012383,0.003706,0.003159,0.220539,0.533206,5.743733
1999 March,2.092359,1.665684,1.057697,0.202967,5.018707,0.614858,0.328047,0.014471,0.0053,0.004568,0.212177,0.564564,6.198129
1999 April,1.900155,1.591332,1.024373,0.198469,4.714329,0.507129,0.279566,0.012382,0.00597,0.003818,0.24992,0.551655,5.773114
1999 May,1.813646,1.621246,1.056309,0.20326,4.694461,0.585793,0.296517,0.015035,0.006619,0.002818,0.289264,0.610254,5.890508
1999 June,1.925871,1.582597,1.002286,0.205938,4.716691,0.651038,0.312577,0.013986,0.006701,0.002596,0.23609,0.571951,5.93968
1999 July,1.876465,1.628554,1.04248,0.21597,4.763469,0.698212,0.303567,0.014153,0.007006,0.004664,0.264292,0.593682,6.055364
1999 August,1.978927,1.625085,1.039286,0.212784,4.856081,0.712091,0.263077,0.014417,0.006819,0.003909,0.258854,0.547076,6.115249
1999 September,1.97103,1.572915,1.009856,0.210663,4.764465,0.636771,0.21364,0.014426,0.006098,0.003859,0.24414,0.482163,5.883399
1999 October,1.918471,1.629963,1.069291,0.221751,4.839475,0.578335,0.203526,0.014953,0.005701,0.004281,0.228256,0.456717,5.874527
1999 November,1.955082,1.602359,1.037102,0.214223,4.808766,0.632772,0.216417,0.014216,0.004525,0.003622,0.254125,0.492906,5.934443
1999 December,1.965608,1.647069,1.071351,0.222216,4.906244,0.706037,0.255344,0.015328,0.004235,0.005155,0.235215,0.515277,6.127559
2000 January,1.855655,1.663294,1.040031,0.221167,4.780147,0.737981,0.258518,0.014724,0.003259,0.006583,0.222067,0.50515,6.023278
2000 February,1.846984,1.532043,0.984279,0.210242,4.573548,0.669318,0.229354,0.013606,0.003628,0.007201,0.246169,0.499959,5.742825
2000 March,2.106475,1.676599,1.064094,0.224684,5.071853,0.654279,0.272397,0.013848,0.004981,0.003571,0.263209,0.558005,6.284137
2000 April,1.732611,1.585259,1.018625,0.215385,4.55188,0.607585,0.290623,0.014367,0.005558,0.003367,0.254609,0.568524,5.727989
2000 May,1.879543,1.646921,1.051202,0.219683,4.797348,0.667205,0.279719,0.013885,0.006279,0.004163,0.254678,0.558724,6.023277
2000 June,1.919697,1.607554,1.013181,0.210344,4.750776,0.701857,0.256913,0.013563,0.006366,0.00456,0.227712,0.509114,5.961746
2000 July,1.794655,1.660575,1.031937,0.218741,4.705909,0.719306,0.246155,0.013983,0.006901,0.003876,0.255348,0.526262,5.951476
2000 August,2.047172,1.673128,1.040814,0.219471,4.980585,0.701102,0.224228,0.014003,0.006674,0.00384,0.254942,0.503686,6.185372
2000 September,1.889379,1.619087,1.001839,0.210428,4.720733,0.607662,0.181584,0.011971,0.006099,0.003391,0.240331,0.443376,5.771771
2000 October,1.967912,1.703539,1.044464,0.216987,4.932901,0.547207,0.175315,0.012837,0.005395,0.004197,0.270472,0.468215,5.948323
2000 November,1.916304,1.620662,1.014884,0.205295,4.757145,0.58894,0.195459,0.013383,0.004293,0.008396,0.261335,0.482866,5.828952
2000 December,1.779092,1.672867,1.052748,0.17904,4.683747,0.65991,0.200852,0.014194,0.004038,0.003914,0.254788,0.477785,5.821442
2001 January,2.027427,1.718742,1.042647,0.158296,4.947112,0.717508,0.194798,0.014612,0.003104,0.004022,0.228434,0.44497,6.10959
2001 February,1.819437,1.55142,0.938688,0.177122,4.486667,0.639868,0.180547,0.012812,0.003404,0.004456,0.202849,0.404069,5.530604
2001 March,2.078637,1.731992,1.05728,0.207503,5.075413,0.648935,0.211591,0.014206,0.004837,0.005498,0.219649,0.45578,6.180129
2001 April,1.890419,1.669797,1.020098,0.200579,4.780893,0.58484,0.186128,0.013162,0.005372,0.007075,0.213628,0.425366,5.791098
2001 May,1.992608,1.72845,1.048131,0.216512,4.985702,0.642374,0.198142,0.01298,0.006326,0.006562,0.211506,0.435516,6.063592
2001 June,1.948102,1.652404,1.003248,0.209019,4.812772,0.710365,0.214179,0.013088,0.00648,0.006919,0.21395,0.454616,5.977754
2001 July,1.878077,1.703006,1.033604,0.214957,4.829644,0.722301,0.186812,0.014087,0.006764,0.006561,0.221842,0.436066,5.988011
2001 August,2.087613,1.703102,1.02943,0.221322,5.041467,0.714192,0.195436,0.01397,0.006635,0.005964,0.225897,0.447902,6.203561
2001 September,1.876859,1.655456,0.993364,0.22279,4.74847,0.661861,0.157641,0.013617,0.005917,0.005066,0.214229,0.396469,5.806801
2001 October,2.111728,1.722819,1.033151,0.229276,5.096975,0.631394,0.157418,0.013913,0.004998,0.00627,0.227319,0.409918,6.138287
2001 November,1.988973,1.638493,1.023359,0.219259,4.870084,0.651034,0.159262,0.013805,0.004071,0.004861,0.219773,0.401771,5.92289
2001 December,1.847197,1.689887,1.058565,0.213898,4.809547,0.704181,0.199905,0.014208,0.003766,0.006362,0.225088,0.449328,5.963056
2002 January,2.120218,1.657746,1.056043,0.206499,5.040505,0.740608,0.22172,0.015114,0.003059,0.008254,0.228396,0.476543,6.257656
2002 February,1.875246,1.484414,0.95506,0.193967,4.508688,0.643836,0.20541,0.013339,0.003413,0.007263,0.198932,0.428357,5.58088
2002 March,1.873873,1.65844,1.058271,0.214906,4.80549,0.65827,0.213723,0.014682,0.004824,0.008668,0.217568,0.459464,5.923225
2002 April,1.865983,1.602625,1.016932,0.210549,4.696089,0.6102,0.246661,0.013292,0.005285,0.010421,0.212852,0.488511,5.7948
2002 May,1.898776,1.667978,1.061729,0.218858,4.847341,0.658182,0.27124,0.014386,0.005906,0.010963,0.225155,0.527649,6.033172
2002 June,1.772256,1.606889,1.023884,0.204562,4.607591,0.693055,0.287009,0.013659,0.006339,0.011458,0.215107,0.533572,5.834219
2002 July,1.794687,1.675723,1.033997,0.208668,4.713075,0.735334,0.259113,0.014857,0.006505,0.009059,0.235713,0.525246,5.973655
2002 August,1.915377,1.641757,1.042085,0.218942,4.818161,0.739061,0.214487,0.0145,0.006338,0.009936,0.2244,0.469661,6.026882
2002 September,1.918966,1.552695,0.941551,0.207629,4.620841,0.673308,0.173824,0.014109,0.005621,0.007486,0.230855,0.431895,5.726044
2002 October,1.965628,1.58903,0.963407,0.211876,4.729941,0.631668,0.174684,0.014581,0.00495,0.007471,0.243767,0.445453,5.807063
2002 November,1.836121,1.592929,0.978494,0.20683,4.614375,0.642395,0.200714,0.014051,0.004089,0.006673,0.230328,0.455854,5.712624
2002 December,1.895106,1.65183,1.028759,0.198918,4.774614,0.719511,0.220434,0.014594,0.003653,0.007683,0.242334,0.488697,5.982822
2003 January,1.913846,1.661814,1.03479,0.199394,4.809844,0.721318,0.208576,0.015061,0.003006,0.006402,0.237044,0.470089,6.001251
2003 February,1.696195,1.510863,0.939137,0.18568,4.331875,0.635136,0.200271,0.013547,0.003277,0.007547,0.212693,0.437335,5.404346
2003 March,1.837564,1.709543,1.043462,0.196097,4.786667,0.624624,0.245048,0.014607,0.004773,0.010491,0.233288,0.508207,5.919498
2003 April,1.841394,1.636894,0.996292,0.186726,4.661307,0.591715,0.250685,0.014062,0.005313,0.011064,0.228516,0.50964,5.762662
2003 May,1.865279,1.671425,1.018293,0.177377,4.732374,0.648269,0.297627,0.01416,0.005879,0.01019,0.229756,0.557612,5.938255
2003 June,1.825304,1.618573,0.98468,0.173696,4.602254,0.668892,0.289436,0.014633,0.006156,0.010602,0.228254,0.549082,5.820227
2003 July,1.826571,1.638714,0.98862,0.187033,4.640939,0.725921,0.251536,0.01476,0.00613,0.009653,0.242533,0.524613,5.891474
2003 August,1.84714,1.672011,1.002164,0.193217,4.714532,0.719367,0.232592,0.014674,0.006069,0.008256,0.239928,0.501519,5.935418
2003 September,1.863978,1.610843,0.975968,0.193316,4.644104,0.662669,0.187115,0.014437,0.005528,0.009062,0.230968,0.447111,5.753884
2003 October,1.938176,1.665661,1.009315,0.206232,4.819384,0.625489,0.186588,0.014431,0.004882,0.009084,0.236938,0.451922,5.896796
2003 November,1.737725,1.592422,0.965101,0.201867,4.497115,0.621151,0.199617,0.013908,0.003852,0.009735,0.233698,0.460811,5.579077
2003 December,1.900479,1.644538,1.001747,0.195424,4.742188,0.715071,0.243449,0.015164,0.003565,0.011187,0.25116,0.524525,5.981784
2004 January,1.924511,1.636373,1.004168,0.203136,4.768187,0.738367,0.230201,0.015493,0.002977,0.01001,0.255574,0.514255,6.020809
2004 February,1.782467,1.516224,0.937179,0.18965,4.425521,0.668455,0.209471,0.014522,0.003181,0.010232,0.236689,0.474095,5.568071
2004 March,1.95181,1.646905,1.009868,0.206023,4.814606,0.659937,0.229509,0.014954,0.004764,0.012933,0.248532,0.510691,5.985235
2004 April,1.887051,1.592221,0.967498,0.194479,4.641249,0.611292,0.209214,0.014075,0.005236,0.012969,0.247253,0.488747,5.741288
2004 May,1.793792,1.616643,0.998961,0.200685,4.61008,0.676959,0.240581,0.014619,0.00597,0.017044,0.244383,0.522597,5.809636
2004 June,1.950629,1.582328,0.940807,0.189545,4.663308,0.706331,0.252927,0.014709,0.006077,0.013994,0.244075,0.531784,5.901423
2004 July,1.898328,1.630599,0.986065,0.204209,4.7192,0.750556,0.233556,0.01532,0.006278,0.011662,0.257042,0.523858,5.993614
2004 August,1.957711,1.616529,0.957415,0.210026,4.741681,0.741102,0.216265,0.015116,0.006129,0.010524,0.254446,0.50248,5.985263
2004 September,1.922932,1.515167,0.884177,0.196039,4.518315,0.687539,0.205581,0.014345,0.005532,0.010914,0.243019,0.479391,5.685245
2004 October,1.904518,1.583623,0.929566,0.205187,4.622894,0.652067,0.18893,0.015308,0.004824,0.010305,0.25352,0.472887,5.747847
2004 November,1.904575,1.547754,0.943656,0.203754,4.599739,0.614635,0.209705,0.014582,0.003835,0.009337,0.247286,0.484745,5.699119
2004 December,1.973776,1.589889,0.990726,0.204849,4.759239,0.715534,0.262527,0.015104,0.003572,0.011739,0.264199,0.557141,6.031914
2005 January,1.919432,1.600675,0.97922,0.204343,4.703669,0.728728,0.242697,0.015391,0.002925,0.011315,0.264707,0.537035,5.969432
2005 February,1.842525,1.468906,0.893421,0.190329,4.395181,0.636042,0.216046,0.013222,0.00319,0.009664,0.247271,0.489393,5.520616
2005 March,2.092335,1.654265,1.00703,0.21108,4.964711,0.642216,0.229338,0.014912,0.004597,0.015605,0.260043,0.524494,6.131421
2005 April,1.909338,1.582958,0.967932,0.200858,4.661086,0.579031,0.230561,0.014648,0.005229,0.016973,0.246929,0.514339,5.754456
2005 May,1.847085,1.61969,1.006247,0.208508,4.681531,0.65716,0.272758,0.015513,0.00594,0.017463,0.25579,0.567464,5.906154
2005 June,1.953824,1.580144,0.946925,0.194826,4.675718,0.690282,0.267803,0.015257,0.00606,0.017967,0.252466,0.559554,5.925553
2005 July,1.884861,1.59552,0.944551,0.197143,4.622076,0.741687,0.259542,0.015596,0.006156,0.014208,0.266332,0.561835,5.925597
2005 August,2.006343,1.587664,0.934685,0.194469,4.723162,0.744938,0.215635,0.015407,0.006135,0.011379,0.266097,0.514654,5.982753
2005 September,1.960229,1.373475,0.733218,0.162757,4.229679,0.696488,0.173619,0.015003,0.005515,0.014682,0.255348,0.464168,5.390335
2005 October,1.919308,1.446691,0.818957,0.174177,4.359133,0.639055,0.180046,0.015341,0.004846,0.01446,0.261121,0.475814,5.474002
2005 November,1.94436,1.484716,0.845109,0.176934,4.451119,0.656557,0.193507,0.014973,0.003794,0.016095,0.256532,0.484901,5.592577
2005 December,1.905549,1.561311,0.896857,0.164521,4.528238,0.748627,0.221389,0.015438,0.003508,0.018276,0.26855,0.527161,5.804026
2006 January,2.018427,1.578799,0.907582,0.188891,4.693698,0.750397,0.272144,0.015313,0.003147,0.023633,0.276647,0.590884,6.034979
2006 February,1.82171,1.42198,0.817186,0.170625,4.2315,0.653394,0.245611,0.013834,0.003448,0.019064,0.247274,0.529231,5.414125
2006 March,2.076033,1.598775,0.903885,0.191151,4.769844,0.664927,0.244251,0.015628,0.004815,0.023395,0.265069,0.553158,5.987928
2006 April,1.95157,1.539153,0.884208,0.188771,4.563702,0.600714,0.283244,0.014216,0.005458,0.024517,0.250384,0.577819,5.742234
2006 May,2.040178,1.599515,0.926071,0.197033,4.762797,0.655064,0.305688,0.013984,0.006156,0.024388,0.261125,0.611342,6.029203
2006 June,1.987844,1.581799,0.898327,0.190763,4.658733,0.713665,0.295163,0.014911,0.006195,0.020351,0.26196,0.598581,5.970979
2006 July,1.945013,1.617326,0.915932,0.197537,4.675808,0.753266,0.252333,0.015628,0.00639,0.019392,0.274809,0.568553,5.997627
2006 August,2.060571,1.622932,0.906143,0.194527,4.784173,0.751488,0.215524,0.015902,0.006541,0.016418,0.277063,0.531447,6.067109
2006 September,1.925842,1.585112,0.875368,0.193024,4.579345,0.695413,0.170621,0.015112,0.005751,0.018639,0.267952,0.478075,5.752833
2006 October,2.021456,1.641899,0.918447,0.199105,4.780906,0.60011,0.16917,0.015766,0.005073,0.024223,0.27512,0.489353,5.870368
2006 November,1.974799,1.583034,0.881172,0.192314,4.631319,0.640629,0.201075,0.014993,0.004054,0.025199,0.270475,0.515797,5.787745
2006 December,1.966068,1.651383,0.932455,0.194976,4.744882,0.73556,0.21421,0.015913,0.003728,0.024517,0.283636,0.542004,6.022445
2007 January,2.041411,1.618912,0.918384,0.187589,4.766295,0.776251,0.257426,0.016297,0.003354,0.024239,0.290845,0.59216,6.134706
2007 February,1.814267,1.482726,0.831147,0.172803,4.300942,0.684143,0.183513,0.014248,0.003669,0.024906,0.261666,0.488001,5.473086
2007 March,2.001861,1.6685,0.920442,0.198657,4.78946,0.674497,0.238832,0.015392,0.005273,0.030117,0.285146,0.57476,6.038717
2007 April,1.906797,1.59364,0.90136,0.190036,4.591832,0.601035,0.236135,0.014824,0.005821,0.031349,0.278386,0.566514,5.759381
2007 May,1.986306,1.687569,0.936977,0.200556,4.811407,0.682043,0.257448,0.014904,0.006664,0.029181,0.28601,0.594208,6.087657
2007 June,1.958718,1.632624,0.883075,0.192753,4.66717,0.722934,0.225519,0.015616,0.006719,0.0259,0.281995,0.555751,5.945855
2007 July,1.906797,1.668648,0.905818,0.199715,4.680978,0.762954,0.22217,0.015849,0.007026,0.021333,0.295653,0.562032,6.005964
2007 August,2.062217,1.677989,0.893549,0.197845,4.831601,0.763084,0.197092,0.015891,0.006856,0.026681,0.295523,0.542044,6.136728
2007 September,1.89364,1.640735,0.852954,0.194153,4.581483,0.708832,0.145715,0.015414,0.00625,0.028335,0.287603,0.483318,5.773632
2007 October,2.024921,1.698173,0.902944,0.205901,4.831938,0.647062,0.146248,0.015989,0.005568,0.033374,0.299416,0.500596,5.979595
2007 November,1.985916,1.677541,0.875919,0.204147,4.743522,0.680729,0.155001,0.015347,0.004409,0.030591,0.297828,0.503177,5.927428
2007 December,1.909892,1.739153,0.918877,0.204562,4.772485,0.755027,0.181289,0.016003,0.00401,0.034497,0.312007,0.547807,6.075318
2008 January,2.00802,1.731231,0.919684,0.200649,4.859584,0.739318,0.204758,0.015825,0.003719,0.042108,0.331138,0.597548,6.19645
2008 February,1.903753,1.633804,0.865923,0.193385,4.596865,0.680743,0.185146,0.014369,0.004189,0.037955,0.300535,0.542194,5.819801
2008 March,1.970498,1.7691,0.933035,0.210057,4.88269,0.676417,0.213526,0.016239,0.006021,0.047122,0.321487,0.604394,6.163501
2008 April,1.979137,1.706502,0.901339,0.204372,4.79135,0.599242,0.219093,0.01579,0.006753,0.05149,0.314073,0.607199,5.99779
2008 May,1.968859,1.763072,0.924737,0.211195,4.867863,0.67756,0.268237,0.016318,0.007404,0.052623,0.324185,0.668768,6.21419
2008 June,1.839216,1.726868,0.893969,0.199099,4.659152,0.734978,0.287514,0.016206,0.007752,0.050653,0.313335,0.67546,6.06959
2008 July,2.018959,1.816817,0.930788,0.208477,4.975041,0.776775,0.25182,0.016514,0.007904,0.039499,0.330507,0.646244,6.39806
2008 August,2.04416,1.790995,0.899535,0.203298,4.937988,0.758994,0.209193,0.016454,0.007779,0.032167,0.333607,0.599201,6.296182
2008 September,2.021775,1.528812,0.691404,0.164159,4.40615,0.700847,0.15942,0.015944,0.007061,0.03066,0.31884,0.531925,5.638922
2008 October,2.123379,1.720253,0.851837,0.195933,4.891401,0.656598,0.152441,0.016495,0.006197,0.04687,0.330125,0.552128,6.100128
2008 November,1.941916,1.723872,0.883589,0.188654,4.738032,0.662742,0.154392,0.01594,0.004881,0.049207,0.327317,0.551737,5.95251
2008 December,2.031694,1.791558,0.917464,0.180021,4.920737,0.762278,0.205569,0.016339,0.004547,0.065193,0.323102,0.61475,6.297765
2009 January,1.952209,1.82653,0.92491,0.190838,4.894487,0.775038,0.229265,0.01714,0.003834,0.05808,0.318353,0.626672,6.296196
2009 February,1.801639,1.664873,0.850851,0.183714,4.501076,0.671752,0.173845,0.015517,0.004354,0.057117,0.294389,0.545223,5.718051
2009 March,1.93123,1.831011,0.938301,0.210882,4.911425,0.703269,0.213036,0.017252,0.006353,0.069287,0.319356,0.625284,6.239977
2009 April,1.790664,1.741348,0.918393,0.20378,4.654185,0.621353,0.251513,0.016341,0.007132,0.072787,0.303489,0.651263,5.9268
2009 May,1.714439,1.80003,0.966769,0.217938,4.699176,0.683971,0.288502,0.016616,0.00788,0.061117,0.319032,0.693147,6.076295
2009 June,1.784376,1.749901,0.91686,0.20795,4.659088,0.729356,0.285318,0.016212,0.007873,0.05465,0.321739,0.685792,6.074235
2009 July,1.828638,1.784865,0.970551,0.212804,4.796858,0.762973,0.228235,0.016814,0.008388,0.04836,0.343841,0.645637,6.205469
2009 August,1.817378,1.79901,0.974079,0.214121,4.804587,0.755606,0.191105,0.016773,0.008265,0.053333,0.348551,0.618027,6.17822
2009 September,1.77387,1.69325,0.967236,0.211821,4.646178,0.687698,0.169421,0.016289,0.00743,0.045391,0.332374,0.570906,5.904781
2009 October,1.770583,1.772283,0.993294,0.220413,4.756574,0.606841,0.192185,0.016479,0.006592,0.066501,0.346472,0.628228,5.991643
2009 November,1.722179,1.716238,0.93866,0.215445,4.592522,0.617805,0.205035,0.016841,0.005256,0.067102,0.348333,0.642567,5.852893
2009 December,1.736516,1.760112,0.98022,0.218546,4.695395,0.739558,0.241363,0.017912,0.004822,0.067403,0.360689,0.692188,6.127141
2010 January,1.743242,1.77719,0.971666,0.223423,4.715521,0.758495,0.218369,0.017852,0.004401,0.066871,0.377071,0.684564,6.15858
2010 February,1.686981,1.639552,0.901875,0.204401,4.432809,0.681945,0.200874,0.015872,0.00496,0.052993,0.347952,0.622652,5.737406
2010 March,1.96911,1.816526,0.991662,0.229944,5.007242,0.675562,0.203761,0.017801,0.007135,0.083795,0.384094,0.696585,6.37939
2010 April,1.847733,1.766638,0.938261,0.220908,4.77354,0.602151,0.186307,0.01699,0.008142,0.095262,0.368922,0.675623,6.051313
2010 May,1.736406,1.837918,0.971075,0.231566,4.776965,0.696713,0.244673,0.017839,0.009273,0.084853,0.376012,0.73265,6.206329
2010 June,1.80233,1.756096,0.936033,0.219329,4.713787,0.713885,0.291254,0.017219,0.009566,0.078526,0.372328,0.768894,6.196567
2010 July,1.846825,1.847277,0.952557,0.220808,4.867467,0.75164,0.239186,0.017479,0.009814,0.065598,0.385443,0.71752,6.336626
2010 August,1.898224,1.868626,0.979431,0.229358,4.975638,0.748093,0.196283,0.017706,0.00968,0.065227,0.389064,0.67796,6.401691
2010 September,1.896539,1.813135,0.977143,0.225478,4.912295,0.725068,0.168439,0.01711,0.008779,0.069321,0.377355,0.641005,6.278368
2010 October,1.864243,1.905763,1.012374,0.235346,5.017727,0.655872,0.172515,0.016975,0.007514,0.0775,0.386771,0.661275,6.334873
2010 November,1.860411,1.843941,0.970176,0.228958,4.903486,0.654872,0.190842,0.017108,0.006309,0.095098,0.386602,0.695959,6.254317
2010 December,1.886182,1.933102,1.008219,0.235311,5.062813,0.770138,0.226037,0.018027,0.005711,0.088383,0.400917,0.739075,6.572026
2011 January,1.853793,1.901499,0.987932,0.234207,4.97743,0.761181,0.24806,0.01848,0.00552,0.083077,0.40013,0.755268,6.493879
2011 February,1.735779,1.683567,0.877535,0.200946,4.497827,0.677953,0.234459,0.016676,0.006363,0.101547,0.359201,0.718247,5.894026
2011 March,1.957742,1.949824,1.009659,0.243078,5.160303,0.687083,0.302503,0.018388,0.008813,0.102452,0.394547,0.826703,6.674089
2011 April,1.795399,1.909401,0.96704,0.234367,4.906208,0.570783,0.303084,0.017258,0.009997,0.120689,0.373224,0.824252,6.301243
2011 May,1.759893,1.977417,1.010999,0.247405,4.995714,0.596583,0.316615,0.018194,0.01113,0.114378,0.384288,0.844606,6.436903
2011 June,1.803665,1.903175,0.972305,0.234525,4.91367,0.682987,0.312381,0.01702,0.011526,0.106731,0.389076,0.836734,6.433391
2011 July,1.736037,1.979461,0.978158,0.244372,4.938028,0.757017,0.303962,0.017723,0.011684,0.07276,0.398608,0.804736,6.499781
2011 August,1.937155,2.002658,1.018493,0.246705,5.205011,0.746487,0.250319,0.017777,0.011952,0.072613,0.401827,0.754488,6.705986
2011 September,1.906585,1.934998,0.976912,0.232663,5.051159,0.699506,0.207705,0.017127,0.010674,0.066739,0.386447,0.688692,6.439357
2011 October,1.918798,2.063146,1.061013,0.256206,5.299163,0.662758,0.192254,0.017836,0.009628,0.102265,0.397089,0.719072,6.680993
2011 November,1.908689,2.021681,1.050132,0.254369,5.234871,0.674655,0.200932,0.01757,0.007674,0.120853,0.400207,0.747237,6.656763
2011 December,1.907872,2.078892,1.087352,0.261233,5.335348,0.751706,0.23058,0.018261,0.007467,0.103532,0.419677,0.779516,6.86657
2012 January,1.935219,2.095379,1.109613,0.265171,5.405382,0.758482,0.219888,0.0174,0.007288,0.129726,0.398833,0.773134,6.936999
2012 February,1.747442,1.921858,1.054042,0.249797,4.973139,0.669053,0.193017,0.016387,0.008165,0.105171,0.372611,0.695351,6.337543
2012 March,1.745396,2.062279,1.13744,0.265264,5.210379,0.646854,0.246546,0.017608,0.011678,0.133476,0.387374,0.796681,6.653914
2012 April,1.574811,1.990079,1.100412,0.256058,4.92136,0.585471,0.250215,0.017084,0.013478,0.120941,0.368516,0.770234,6.277066
2012 May,1.662201,2.064882,1.144994,0.266212,5.138288,0.650551,0.272562,0.017787,0.015933,0.119336,0.386825,0.812443,6.601283
2012 June,1.664598,1.985593,1.090876,0.251673,4.99274,0.682603,0.253685,0.017361,0.016651,0.113928,0.377323,0.778948,6.45429
2012 July,1.757181,2.104807,1.155109,0.258781,5.275878,0.724406,0.252091,0.017946,0.017063,0.083946,0.379041,0.750086,6.75037
2012 August,1.847841,2.094448,1.141567,0.263718,5.347573,0.729361,0.219192,0.017786,0.016478,0.08059,0.385552,0.719598,6.796531
2012 September,1.664173,2.038525,1.147667,0.265003,5.115367,0.67601,0.167517,0.017576,0.015384,0.083642,0.366465,0.650584,6.441961
2012 October,1.732287,2.111027,1.252484,0.278823,5.374622,0.626049,0.15702,0.018027,0.014153,0.120241,0.373472,0.682912,6.683583
2012 November,1.713614,2.045867,1.231341,0.272968,5.263791,0.594293,0.178257,0.018023,0.011547,0.110848,0.368172,0.686847,6.544931
2012 December,1.632131,2.095322,1.276354,0.268659,5.272466,0.718688,0.218713,0.018608,0.011142,0.138215,0.382521,0.769199,6.760353
2013 January,1.680934,2.077633,1.273478,0.267606,5.29965,0.746119,0.236889,0.018578,0.010449,0.14062,0.391206,0.797741,6.843511
2013 February,1.576395,1.88204,1.161365,0.252981,4.872782,0.64244,0.194813,0.016666,0.012205,0.134295,0.353773,0.711752,6.226974
2013 March,1.719755,2.078076,1.295613,0.279509,5.372953,0.657737,0.195918,0.018543,0.017039,0.150325,0.397238,0.779063,6.809753
2013 April,1.600497,2.037004,1.282666,0.273612,5.193779,0.593157,0.239451,0.017376,0.018627,0.166741,0.385899,0.828095,6.615031
2013 May,1.691585,2.097713,1.317147,0.287587,5.394032,0.6567,0.271442,0.01787,0.020722,0.154933,0.404043,0.869011,6.919743
2013 June,1.646245,2.027056,1.266113,0.2767,5.216114,0.694124,0.261271,0.017415,0.02197,0.131171,0.400577,0.832404,6.742642
2013 July,1.718042,2.135986,1.352874,0.294566,5.501468,0.737064,0.260036,0.018148,0.022251,0.105844,0.417027,0.823306,7.061839
2013 August,1.830669,2.131389,1.354262,0.305446,5.621765,0.745477,0.206403,0.018011,0.023202,0.091917,0.411328,0.75086,7.118103
2013 September,1.680957,2.057272,1.36368,0.303874,5.405782,0.687533,0.161826,0.017616,0.021998,0.111382,0.392654,0.705477,6.798793
2013 October,1.634911,2.132286,1.394824,0.311223,5.473244,0.660205,0.164092,0.018402,0.021221,0.130092,0.414632,0.748438,6.881887
2013 November,1.634865,2.08464,1.377529,0.299055,5.396088,0.678929,0.168655,0.016959,0.017543,0.150779,0.413361,0.767298,6.842315
2013 December,1.586449,2.117978,1.425504,0.299226,5.429157,0.744947,0.201585,0.018423,0.017297,0.13326,0.433893,0.804457,6.978561
2014 January,1.685726,2.13645,1.451477,0.304158,5.577811,0.765208,0.205737,0.018279,0.016542,0.170336,0.418976,0.82987,7.172889
2014 February,1.529087,1.975393,1.323909,0.276221,5.104611,0.655141,0.165437,0.016342,0.017939,0.133222,0.379971,0.712911,6.472663
2014 March,1.764017,2.202854,1.491041,0.319272,5.777184,0.652611,0.230685,0.018114,0.026187,0.168668,0.420974,0.864629,7.294424
2014 April,1.68223,2.183946,1.482698,0.322162,5.671036,0.589726,0.241934,0.017711,0.029029,0.177224,0.406459,0.872357,7.133119
2014 May,1.698744,2.244558,1.554132,0.333504,5.830938,0.658367,0.252432,0.018064,0.033086,0.148369,0.417246,0.869198,7.358503
2014 June,1.605018,2.183368,1.521843,0.337868,5.648097,0.712658,0.244824,0.017519,0.034867,0.150247,0.42003,0.867487,7.228242
2014 July,1.714165,2.304121,1.590492,0.351475,5.960252,0.752422,0.231639,0.017942,0.034299,0.115902,0.43494,0.834723,7.547397
2014 August,1.772364,2.316668,1.603735,0.354525,6.047292,0.743936,0.188367,0.018034,0.035031,0.096722,0.430195,0.768348,7.559576
2014 September,1.695648,2.241143,1.580214,0.348869,5.865874,0.706343,0.152867,0.017654,0.033184,0.109553,0.409688,0.722946,7.295163
2014 October,1.729916,2.338819,1.66555,0.360673,6.094958,0.652547,0.163184,0.018185,0.03086,0.13797,0.422001,0.772201,7.519706
2014 November,1.658196,2.24889,1.622042,0.340194,5.869322,0.681301,0.177123,0.018176,0.025046,0.179424,0.416969,0.816739,7.367362
2014 December,1.750595,2.341863,1.720002,0.356163,6.168623,0.767299,0.212347,0.018469,0.02135,0.139904,0.442916,0.834986,7.770908
2015 January,1.733824,2.361033,1.663887,0.347447,6.106191,0.776715,0.224946,0.018085,0.021048,0.141296,0.423312,0.828687,7.711593
2015 February,1.447888,2.143142,1.522279,0.324809,5.438118,0.66368,0.207684,0.016614,0.025062,0.139054,0.382846,0.771259,6.873057
2015 March,1.628444,2.383242,1.698807,0.368147,6.07864,0.67503,0.226274,0.018384,0.034925,0.142655,0.415134,0.837372,7.591043
2015 April,1.501834,2.339657,1.657027,0.371523,5.870041,0.625226,0.209407,0.017077,0.039575,0.166504,0.401278,0.833841,7.329108
2015 May,1.408558,2.382846,1.680326,0.379514,5.851244,0.688414,0.187549,0.018348,0.042535,0.159833,0.418828,0.827094,7.366752
2015 June,1.340692,2.300615,1.605614,0.365297,5.612216,0.716542,0.190239,0.017349,0.043229,0.125073,0.416506,0.792395,7.121153
2015 July,1.530531,2.384835,1.674293,0.381602,5.97126,0.746829,0.195832,0.018036,0.044959,0.127442,0.431961,0.81823,7.536318
2015 August,1.653553,2.387549,1.668718,0.388844,6.098664,0.75732,0.178199,0.017919,0.045266,0.121893,0.428805,0.792083,7.648066
2015 September,1.555345,2.325114,1.627763,0.378314,5.886537,0.69521,0.149981,0.016429,0.038976,0.130201,0.407021,0.742608,7.324355
2015 October,1.510434,2.385117,1.667036,0.39678,5.959368,0.633451,0.154979,0.017722,0.034293,0.152646,0.415534,0.775173,7.367992
2015 November,1.372933,2.298489,1.60139,0.38504,5.65785,0.63024,0.180209,0.017647,0.029646,0.183414,0.416219,0.827135,7.115226
2015 December,1.26206,2.375243,1.644905,0.388676,5.670884,0.728229,0.21588,0.018225,0.027219,0.187297,0.434134,0.882755,7.281868
2016 January,1.222366,2.364713,1.632365,0.376595,5.596038,0.758537,0.236473,0.017675,0.026077,0.170482,0.424572,0.87528,7.229854
2016 February,1.155989,2.243482,1.504268,0.354886,5.258625,0.686509,0.222851,0.01651,0.035136,0.185916,0.404045,0.864459,6.809593
2016 March,1.114686,2.371122,1.612141,0.400344,5.498294,0.691851,0.252863,0.01752,0.043408,0.202545,0.425211,0.941547,7.131692
2016 April,0.970598,2.293033,1.52277,0.389031,5.175432,0.656112,0.238906,0.016366,0.048072,0.192019,0.396006,0.89137,6.722915
2016 May,1.069358,2.342478,1.566958,0.413402,5.392195,0.696324,0.23529,0.017766,0.05533,0.174004,0.41941,0.9018,6.990318
2016 June,1.19839,2.245198,1.48846,0.399059,5.331106,0.702587,0.214523,0.016758,0.056391,0.150513,0.420262,0.858447,6.89214
2016 July,1.246326,2.33902,1.536851,0.405763,5.52796,0.735784,0.198076,0.017484,0.061657,0.162653,0.430396,0.870265,7.134009
2016 August,1.375601,2.320472,1.540662,0.383975,5.62071,0.748095,0.180666,0.017604,0.061142,0.125457,0.437109,0.821978,7.190783
2016 September,1.308702,2.230743,1.466698,0.373442,5.379585,0.684522,0.151106,0.017453,0.055455,0.151438,0.412834,0.788287,6.852395
2016 October,1.379141,2.296068,1.568236,0.399062,5.642508,0.63521,0.160072,0.017871,0.049045,0.187736,0.420562,0.835287,7.113005
2016 November,1.34956,2.240543,1.528812,0.391795,5.510709,0.681705,0.173638,0.017796,0.041405,0.179153,0.423208,0.835199,7.027614
2016 December,1.276371,2.289151,1.569096,0.37743,5.512048,0.749517,0.207976,0.018801,0.0371,0.213679,0.463604,0.941161,7.202727
2017 January,1.38174,2.266195,1.57429,0.380149,5.602374,0.764768,0.245323,0.018356,0.036265,0.191619,0.435403,0.926965,7.294108
2017 February,1.29987,2.075515,1.459521,0.367405,5.202312,0.664778,0.220023,0.016285,0.041848,0.203525,0.392205,0.873885,6.740975
2017 March,1.299466,2.349859,1.630853,0.412646,5.692824,0.68081,0.272826,0.018173,0.065102,0.237056,0.433821,1.026979,7.400613
2017 April,1.183991,2.276851,1.564921,0.399007,5.42477,0.593479,0.270949,0.017576,0.071374,0.233807,0.403884,0.99759,7.015839
2017 May,1.251819,2.352708,1.633566,0.422257,5.66035,0.64127,0.300409,0.017387,0.082185,0.212522,0.42214,1.034643,7.336263
2017 June,1.335118,2.298884,1.5683,0.412559,5.614861,0.700866,0.28169,0.017046,0.085986,0.185566,0.419737,0.990026,7.305752
2017 July,1.271276,2.400012,1.643869,0.427968,5.743126,0.745875,0.24505,0.01804,0.081763,0.148514,0.430943,0.924308,7.413309
2017 August,1.423715,2.398663,1.643544,0.421408,5.887331,0.757067,0.202998,0.01795,0.079021,0.127866,0.441143,0.868978,7.513375
2017 September,1.268566,2.361885,1.636822,0.404295,5.671567,0.712236,0.176445,0.017486,0.073142,0.165021,0.412277,0.844372,7.228175
2017 October,1.336215,2.483981,1.715236,0.450099,5.98553,0.690239,0.163053,0.016579,0.06656,0.224509,0.428543,0.899244,7.575014
2017 November,1.296157,2.478669,1.731992,0.44489,5.951708,0.696756,0.183231,0.017239,0.048172,0.208351,0.433825,0.890819,7.539283
2017 December,1.277444,2.546113,1.772864,0.444413,6.040834,0.770824,0.204969,0.018115,0.045508,0.204535,0.44884,0.921967,7.733625
2018 January,1.26179,2.528942,1.768562,0.428916,5.98821,0.780456,0.228183,0.017604,0.048528,0.233052,0.445163,0.972531,7.741196
2018 February,1.225395,2.331937,1.639345,0.408275,5.604953,0.67738,0.22671,0.016471,0.055447,0.211117,0.407943,0.917688,7.200021
2018 March,1.331935,2.611912,1.855282,0.467577,6.266706,0.700826,0.235435,0.017836,0.073556,0.240926,0.443521,1.011273,7.978806
2018 April,1.178256,2.523365,1.796769,0.461706,5.960095,0.618237,0.25596,0.016034,0.086122,0.240627,0.419657,1.0184,7.596732
2018 May,1.240866,2.637459,1.849652,0.484455,6.212431,0.703833,0.277165,0.017981,0.096405,0.218069,0.439704,1.049324,7.965588
2018 June,1.250636,2.565296,1.815349,0.467189,6.09847,0.728583,0.251248,0.017053,0.102097,0.224895,0.434592,1.029884,7.856937
2018 July,1.280021,2.7036,1.928665,0.495565,6.407852,0.757528,0.228506,0.017862,0.097077,0.14973,0.451984,0.945159,8.110539
2018 August,1.408438,2.758128,2.013587,0.512256,6.692408,0.755713,0.200442,0.017839,0.095071,0.180682,0.454894,0.948928,8.39705
2018 September,1.268098,2.712942,1.9623,0.499684,6.443023,0.676697,0.174484,0.017308,0.08451,0.168603,0.420604,0.86551,7.985231
2018 October,1.349545,2.838922,2.043734,0.510705,6.742906,0.620995,0.177967,0.016983,0.072291,0.192949,0.441468,0.901658,8.265559
2018 November,1.277745,2.795311,2.038255,0.49154,6.602851,0.668643,0.199493,0.017335,0.05562,0.200431,0.432575,0.905455,8.176948
2018 December,1.290718,2.874334,2.123295,0.499106,6.787453,0.749177,0.207545,0.018558,0.048381,0.221284,0.44736,0.943129,8.47976
2019 January,1.331434,2.877915,2.092798,0.509222,6.81137,0.769584,0.220824,0.017771,0.05238,0.216404,0.43745,0.94483,8.525784
2019 February,1.17887,2.615506,1.859099,0.475969,6.129445,0.675753,0.203751,0.016382,0.056333,0.201456,0.396921,0.874842,7.68004
2019 March,1.126072,2.915461,2.101805,0.528837,6.672175,0.679562,0.234504,0.018061,0.083916,0.229506,0.426069,0.992055,8.343793
2019 April,1.234392,2.832736,2.072576,0.518351,6.658055,0.632586,0.247739,0.016386,0.095079,0.257491,0.414995,1.03169,8.322331
2019 May,1.247969,2.950306,2.144511,0.541173,6.88396,0.700904,0.2848,0.017342,0.101999,0.229565,0.431587,1.065294,8.650158
2019 June,1.145178,2.866366,2.081856,0.518834,6.612234,0.718461,0.250032,0.017047,0.1098,0.199881,0.424926,1.001688,8.332383
2019 July,1.19111,2.977635,2.101223,0.526359,6.796326,0.753898,0.221515,0.017641,0.11292,0.196807,0.440218,0.989101,8.539325
2019 August,1.286097,3.050654,2.203559,0.532905,7.073216,0.750891,0.201063,0.017799,0.109037,0.177904,0.439843,0.945647,8.769754
2019 September,1.179775,2.948502,2.149109,0.539914,6.8173,0.689836,0.164972,0.017398,0.095227,0.218292,0.408362,0.904251,8.411387
2019 October,1.162274,3.089839,2.255837,0.561574,7.069524,0.647745,0.163013,0.015554,0.08477,0.245996,0.42287,0.932204,8.649472
2019 November,1.097776,3.012211,2.216429,0.540455,6.86687,0.669598,0.180038,0.013978,0.062853,0.224267,0.422272,0.903408,8.439876
2019 December,1.074815,3.121192,2.28045,0.558136,7.034594,0.763034,0.191263,0.015927,0.052794,0.237263,0.44428,0.941528,8.739157
2020 January,1.111372,3.056936,2.255509,0.573098,6.996915,0.774479,0.225577,0.016641,0.065651,0.254214,0.431807,0.993891,8.765285
2020 February,0.947694,2.848308,2.116759,0.51736,6.430121,0.688653,0.234829,0.016377,0.078245,0.261777,0.403259,0.994487,8.113262
2020 March,0.920103,3.039697,2.261022,0.585081,6.805903,0.668259,0.210109,0.018884,0.09364,0.262922,0.409782,0.995337,8.469498
2020 April,0.779757,2.891495,2.033646,0.531865,6.236762,0.617853,0.196908,0.018116,0.112261,0.261946,0.327836,0.917068,7.771683
2020 May,0.738576,2.822415,1.713245,0.528498,5.802735,0.671817,0.271469,0.018287,0.131596,0.252089,0.359892,1.033332,7.507884
2020 June,0.785578,2.748622,1.778967,0.560221,5.873387,0.701755,0.258769,0.017417,0.130494,0.262907,0.374017,1.043604,7.618747
2020 July,0.86506,2.885711,1.932954,0.598008,6.281733,0.724523,0.246454,0.018155,0.139373,0.19831,0.397014,0.999307,8.005563
2020 August,0.95111,2.90077,1.862576,0.593097,6.307553,0.720312,0.214446,0.018115,0.128576,0.199589,0.399056,0.959783,7.987648
2020 September,0.903198,2.783253,1.855504,0.572243,6.114198,0.686325,0.170637,0.017604,0.109196,0.205387,0.388217,0.891042,7.691564
2020 October,0.901086,2.859126,1.837144,0.590236,6.187594,0.619863,0.163146,0.017665,0.10094,0.25718,0.402184,0.941116,7.748572
2020 November,0.887947,2.861745,1.898638,0.573766,6.222097,0.644898,0.194413,0.018462,0.081418,0.300133,0.404827,0.999253,7.866247
2020 December,0.89866,2.974823,1.955379,0.563573,6.392435,0.729593,0.205584,0.018538,0.074323,0.28907,0.420978,1.008493,8.13052
2021 January,0.971875,2.973725,1.950575,0.577866,6.474041,0.750075,0.23295,0.017895,0.07916,0.270956,0.404411,1.005373,8.229488
2021 February,0.819352,2.495925,1.557317,0.424035,5.296629,0.657367,0.197131,0.016688,0.088195,0.237522,0.345149,0.884686,6.838682
2021 March,1.017514,2.957128,1.968781,0.569814,6.513236,0.665241,0.190115,0.016658,0.125017,0.35226,0.406495,1.090546,8.269023
2021 April,0.966491,2.872519,1.903734,0.586669,6.329413,0.596155,0.171482,0.016834,0.144167,0.319761,0.387182,1.039426,7.964993
2021 May,1.037275,2.970017,1.981316,0.608273,6.596881,0.647961,0.208444,0.017752,0.162738,0.295572,0.418013,1.102519,8.347361
